,URL
0,https://www.beryl.nyc/index.php/wprm_print/mach-er-kata-chorchori
1,https://www.beryl.nyc/index.php/wprm_print/schmorgurken
2,https://www.beryl.nyc/index.php/masiel-soler-urzua/
3,https://www.beryl.nyc/index.php/2023/05/16/guisado-de-spam-con-platano-maduros/
4,https://www.beryl.nyc/index.php/2024/07/05/rourou/
5,https://www.beryl.nyc/index.php/wprm_print/watermelon-gazpacho
6,https://www.beryl.nyc/index.php/tag/snack/
7,https://www.beryl.nyc/index.php/wprm_print/cevapi
8,https://www.beryl.nyc/index.php/2023/05/16/seca-de-pollo/
9,https://www.beryl.nyc/index.php/tag/africa/
10,https://www.beryl.nyc/index.php/psychedelic-lens/
11,https://www.beryl.nyc/index.php/2023/06/29/seattle-style-hot-dog/
12,https://www.beryl.nyc/index.php/wprm_print/flat-white
13,https://www.beryl.nyc/
14,https://www.beryl.nyc/index.php/articles/
15,https://www.beryl.nyc/index.php/2023/12/20/empanada-de-verde/
16,https://www.beryl.nyc/index.php/2023/08/17/avocado-quark-creme/
17,https://www.beryl.nyc/index.php/2024/04/25/citrus-coffee/
18,https://www.beryl.nyc/index.php/2024/07/18/gavurdag-salad/
19,https://www.beryl.nyc/index.php/2024/07/05/pembe-sultan/
20,https://www.beryl.nyc/index.php/2024/06/13/rice-burger/
21,https://www.beryl.nyc/index.php/wprm_print/seattle-style-hot-dog
22,https://www.beryl.nyc/index.php/wprm_print/salatat-blankit
23,https://www.beryl.nyc/index.php/wprm_print/pav-bhaji
24,https://www.beryl.nyc/index.php/fiona-maclean
25,https://www.beryl.nyc/index.php/claudia-melchor/
26,https://www.beryl.nyc/index.php/2023/06/29/weiner-winks/
27,https://www.beryl.nyc/index.php/yumi-in-color/
28,https://www.beryl.nyc/index.php/2023/07/12/quatro-queijos-baked-potato/
29,https://www.beryl.nyc/index.php/alexandra-sherman/
30,https://www.beryl.nyc/index.php/2024/06/13/burger-with-the-lot/
31,https://www.beryl.nyc/index.php/2023/05/31/kanji-ka-pani/
32,https://www.beryl.nyc/index.php/wprm_print/empanada-de-verde
33,https://www.beryl.nyc/index.php/2023/08/10/mohabbat-ka-sharbat/
34,https://www.beryl.nyc/index.php/2023/05/16/super-savory-sapidly-salty-pasta/
35,https://www.beryl.nyc/index.php/kevin-lustik/
36,https://www.beryl.nyc/index.php/2023/06/19/tojasos-nokedli/
37,https://www.beryl.nyc/index.php/wprm_print/amrakhanda
38,https://www.beryl.nyc/index.php/wprm_print/lemon-bars
39,https://www.beryl.nyc/index.php/category/country/the-philippines/
40,https://www.beryl.nyc/index.php/wprm_print/hetao-hu
41,https://www.beryl.nyc/index.php/wprm_print/dubu-jorim
42,https://www.beryl.nyc/index.php/jolanda-zuurcher/
43,https://www.beryl.nyc/index.php/anissa-riviere/
44,https://www.beryl.nyc/index.php/barbara-lim/
45,https://www.beryl.nyc/index.php/2023/10/19/mach-er-kata-chorchori/
46,https://www.beryl.nyc/index.php/2023/05/31/idli-sambar/
47,https://www.beryl.nyc/index.php/2023/06/29/sonoran-dog/
48,https://www.beryl.nyc/index.php/2024/06/02/7-things-to-order-off-a-persian-menu/
49,https://www.beryl.nyc/index.php/2024/06/27/chocolate-mayo-birthday-cake/
50,https://www.beryl.nyc/index.php/wprm_print/batatinha-em-conserva
51,https://www.beryl.nyc/index.php/wprm_print/avocado-tikkis
52,https://www.beryl.nyc/index.php/category/country/the-dominican-republic/
53,https://www.beryl.nyc/index.php/2023/12/20/banh-bot-loc/
54,https://www.beryl.nyc/index.php/2024/04/30/ollebrod/
55,https://www.beryl.nyc/index.php/wprm_print/zupa-koperkowa
56,https://www.beryl.nyc/index.php/wprm_print/huevos-divorciados
57,https://www.beryl.nyc/index.php/wprm_print/seca-de-pollo
58,https://www.beryl.nyc/index.php/category/country/egypt/
59,https://www.beryl.nyc/index.php/lizzie-may-amos/
60,https://www.beryl.nyc/index.php/2023/05/29/thumbprint-cookies/
61,https://www.beryl.nyc/index.php/2024/08/15/guandules-con-coco/
62,https://www.beryl.nyc/index.php/2023/05/16/donzelle/
63,https://www.beryl.nyc/index.php/wprm_print/birchermuesli
64,https://www.beryl.nyc/index.php/wprm_print/jia-chang-cai
65,https://www.beryl.nyc/index.php/wprm_print/cachorro-com-ovo
66,https://www.beryl.nyc/index.php/category/country/romania/
67,https://www.beryl.nyc/index.php/wprm_print/balaleet
68,https://www.beryl.nyc/index.php/2023/11/30/chickpeas-fatteh/
69,https://www.beryl.nyc/index.php/2023/05/31/macarrones-con-jamonilla/
70,https://www.beryl.nyc/index.php/2024/04/04/murgh-makhani-wings/
71,https://www.beryl.nyc/index.php/artist-abha/
72,https://www.beryl.nyc/index.php/wprm_print/rooibos-tea
73,https://www.beryl.nyc/index.php/2023/11/01/7-things-to-order-off-an-ethiopian-menu/
74,https://www.beryl.nyc/index.php/2023/07/03/bryannas-grandmas-sweet-tea/
75,https://www.beryl.nyc/index.php/wprm_print/murgh-makhani-wings
76,https://www.beryl.nyc/index.php/wprm_print/milagai-mandi
77,https://www.beryl.nyc/index.php/category/country/sudan/
78,https://www.beryl.nyc/index.php/brian-cheung/
79,https://www.beryl.nyc/index.php/2023/05/16/stir-fried-spam-with-potatoes-and-baked-beans/
80,https://www.beryl.nyc/index.php/wprm_print/papa-rellena
81,https://www.beryl.nyc/index.php/2023/05/16/pav-bhaji/
82,https://www.beryl.nyc/index.php/category/country/usa/page/2/
83,https://www.beryl.nyc/index.php/2024/07/05/achu-soup/
84,https://www.beryl.nyc/index.php/2023/05/30/albaloo-polo/
85,https://www.beryl.nyc/index.php/2024/05/16/canh-rau-pi-nat/
86,https://www.beryl.nyc/index.php/2024/08/15/porotos-con-riendas/
87,https://www.beryl.nyc/index.php/wprm_print/guisado-de-spam-con-platano-maduros
88,https://www.beryl.nyc/index.php/2023/05/16/potato-kugel/
89,https://www.beryl.nyc/index.php/wprm_print/ackee-saltfish-with-johnny-cakes
90,https://www.beryl.nyc/index.php/wprm_print/chickpeas-fatteh
91,https://www.beryl.nyc/index.php/2024/06/13/chacarero/
92,https://www.beryl.nyc/index.php/georgia-green/
93,https://www.beryl.nyc/index.php/category/country/suriname/
94,https://www.beryl.nyc/index.php/wprm_print/kanji-ka-pani
95,https://www.beryl.nyc/index.php/2023/05/30/batatinha-em-conserva/
96,https://www.beryl.nyc/index.php/2024/05/16/pinaattiletut/
97,https://www.beryl.nyc/index.php/wprm_print/suan-jiangdou
98,https://www.beryl.nyc/index.php/wprm_print/pembe-sultan
99,https://www.beryl.nyc/index.php/wprm_print/cheesy-eggy-toast
100,https://www.beryl.nyc/index.php/wprm_print/przeni-kupus-sa-kobasicama
101,https://www.beryl.nyc/index.php/2024/02/08/paneer-biryani/
102,https://www.beryl.nyc/index.php/wprm_print/preserved-green-tomatoes
103,https://www.beryl.nyc/index.php/2023/08/31/durian-cream-puffs/
104,https://www.beryl.nyc/index.php/kate-louise-powell/
105,https://www.beryl.nyc/index.php/2023/07/06/cheesy-eggy-toast/
106,https://www.beryl.nyc/index.php/rasmberryprints/
107,https://www.beryl.nyc/index.php/wprm_print/peanut-butter-fluff-toast
108,https://www.beryl.nyc/index.php/2023/11/09/salata-de-vinete/
109,https://www.beryl.nyc/index.php/2023/07/27/ice-orathi/
110,https://www.beryl.nyc/index.php/wprm_print/masabeeb
111,https://www.beryl.nyc/index.php/category/country/usa/
112,https://www.beryl.nyc/index.php/wprm_print/filipino-spaghetti
113,https://www.beryl.nyc/index.php/wprm_print/flos-hot-dogs
114,https://www.beryl.nyc/index.php/2024/04/25/caffe-pedrocchi/
115,https://www.beryl.nyc/index.php/fernanda-peralta/
116,https://www.beryl.nyc/index.php/2024/08/29/perkedel-kentang/
117,https://www.beryl.nyc/index.php/2023/07/12/libbeys-ramen-salad/
118,https://www.beryl.nyc/index.php/wprm_print/jia-yi-liang-mian
119,https://www.beryl.nyc/index.php/2024/01/26/changua/
120,https://www.beryl.nyc/index.php/2023/08/17/paletas-de-aguacate/
121,https://www.beryl.nyc/index.php/urbemsketches/
122,https://www.beryl.nyc/index.php/2023/05/23/pap_puffpuff_and_beans/
123,https://www.beryl.nyc/index.php/natt-donaldson/
124,https://www.beryl.nyc/index.php/2024/07/18/fesenjan/
125,https://www.beryl.nyc/index.php/wprm_print/zuppa-alla-valpellinentze-2
126,https://www.beryl.nyc/index.php/2023/05/24/fool-and-taamia/
127,https://www.beryl.nyc/index.php/2024/05/31/bigilla/
128,https://www.beryl.nyc/index.php/wprm_print/portokalopita
129,https://www.beryl.nyc/index.php/tag/oceania/
130,https://www.beryl.nyc/index.php/2024/06/13/cevapi/
131,https://www.beryl.nyc/index.php/2024/01/11/pasta-ca-muddica-atturrata/
132,https://www.beryl.nyc/index.php/wprm_print/grandma-shirleys-thumbprint-cookies
133,https://www.beryl.nyc/index.php/2024/04/25/cafecito/
134,https://www.beryl.nyc/index.php/2023/09/14/suser-orangencouscous/
135,https://www.beryl.nyc/index.php/owen-rival/
136,https://www.beryl.nyc/index.php/2024/04/30/mandazi/
137,https://www.beryl.nyc/index.php/wprm_print/somali-mango-milkshake
138,https://www.beryl.nyc/index.php/2023/05/31/choripan-and-leche-con-platano/
139,https://www.beryl.nyc/index.php/2024/03/13/6-things-to-order-off-a-german-menu/
140,https://www.beryl.nyc/index.php/tag/latin-america/
141,https://www.beryl.nyc/index.php/category/country/somalia/
142,https://www.beryl.nyc/index.php/wprm_print/kuku-sabzi
143,https://www.beryl.nyc/index.php/2024/06/01/27-toasts-from-around-the-world/
144,https://www.beryl.nyc/index.php/wprm_print/pizzoccheri
145,https://www.beryl.nyc/index.php/2024/06/27/mee-hoon-birthday/
146,https://www.beryl.nyc/index.php/wprm_print/heathers-sausage-pasta
147,https://www.beryl.nyc/index.php/cecilie-davis/
148,https://www.beryl.nyc/index.php/2023/06/01/hu-tieu/
149,https://www.beryl.nyc/index.php/wprm_print/pain-oeuf-spaghetti
150,https://www.beryl.nyc/index.php/2023/05/31/jasuke/
151,https://www.beryl.nyc/index.php/wprm_print/zhingyalovhats
152,https://www.beryl.nyc/index.php/2024/06/06/zupa-koperkowa/
153,https://www.beryl.nyc/index.php/2024/09/05/arroz-arabe/
154,https://www.beryl.nyc/index.php/lynn-heinbach/
155,https://www.beryl.nyc/index.php/2024/03/21/thethani/
156,https://www.beryl.nyc/index.php/category/country/peru/
157,https://www.beryl.nyc/index.php/category/country/chile/
158,https://www.beryl.nyc/index.php/category/country/singapore/
159,https://www.beryl.nyc/index.php/2024/02/01/27-eggs-from-around-the-world/
160,https://www.beryl.nyc/index.php/category/country/india/page/2/
161,https://www.beryl.nyc/index.php/2023/06/13/manggang-hilaw-at-bagoong-mangos/
162,https://www.beryl.nyc/index.php/wprm_print/tortang-talong
163,https://www.beryl.nyc/index.php/2023/11/16/baked-mac-cheese/
164,https://www.beryl.nyc/index.php/2023/05/16/portokalopita/
165,https://www.beryl.nyc/index.php/wprm_print/ca-phe-trung
166,https://www.beryl.nyc/index.php/2024/06/13/juicy-lucy/
167,https://www.beryl.nyc/index.php/addeline-griswold/
168,https://www.beryl.nyc/index.php/category/country/australia/
169,https://www.beryl.nyc/index.php/category/country/canada/
170,https://www.beryl.nyc/index.php/2023/10/19/polpette-di-crosta-di-parmigiano/
171,https://www.beryl.nyc/index.php/wprm_print/scapece
172,https://www.beryl.nyc/index.php/2024/03/08/przeni-kupus-sa-kobasicama/
173,https://www.beryl.nyc/index.php/2024/07/01/27-breakfasts-from-around-the-world/
174,https://www.beryl.nyc/index.php/2023/11/30/homs-elsham/
175,https://www.beryl.nyc/index.php/category/country/zimbabwe/
176,https://www.beryl.nyc/index.php/2023/05/30/banana-grilled-cheese/
177,https://www.beryl.nyc/index.php/category/country/tunisia/
178,https://www.beryl.nyc/index.php/wprm_print/fish-dumplings
179,https://www.beryl.nyc/index.php/2023/12/28/dubu-jorim/
180,https://www.beryl.nyc/index.php/wprm_print/poha
181,https://www.beryl.nyc/index.php/wprm_print/pink-beetroot-pasta
182,https://www.beryl.nyc/index.php/category/country/croatia/
183,https://www.beryl.nyc/index.php/wprm_print/noon-panir-sabzi-gerdoo
184,https://www.beryl.nyc/index.php/2023/06/15/timun-serut/
185,https://www.beryl.nyc/index.php/vicky-leta/
186,https://www.beryl.nyc/index.php/2024/06/06/karulaugupesto/
187,https://www.beryl.nyc/index.php/category/country/the-philippines/page/2/
188,https://www.beryl.nyc/index.php/shailandra-jadeja/
189,https://www.beryl.nyc/index.php/contact-us//
190,https://www.beryl.nyc/index.php/wprm_print/chicago-style-hot-dog
191,https://www.beryl.nyc/index.php/2024/07/05/ube-butter-mochi/
192,https://www.beryl.nyc/index.php/2023/10/12/scapece/
193,https://www.beryl.nyc/index.php/wprm_print/avocado-quark-creme
194,https://www.beryl.nyc/index.php/choots/
195,https://www.beryl.nyc/index.php/2023/09/22/preserved-green-tomatoes/
196,https://www.beryl.nyc/index.php/2023/12/20/gujiya/
197,https://www.beryl.nyc/index.php/wprm_print/quatro-queijos-baked-potato
198,https://www.beryl.nyc/index.php/2023/07/13/green-chutney-butter-sandwich/
199,https://www.beryl.nyc/index.php/2023/11/16/kasespatzle/
200,https://www.beryl.nyc/index.php/2023/05/23/oi-subaji/
201,https://www.beryl.nyc/index.php/2023/07/05/picarones/
202,https://www.beryl.nyc/index.php/wprm_print/baigan-bharta
203,https://www.beryl.nyc/index.php/2023/06/15/schmorgurken/
204,https://www.beryl.nyc/index.php/category/country/malaysia/
205,https://www.beryl.nyc/index.php/wprm_print/bigilla
206,https://www.beryl.nyc/index.php/2024/04/18/corviches-de-camaron/
207,https://www.beryl.nyc/index.php/eliza-young/
208,https://www.beryl.nyc/index.php/2023/08/10/subak-naengmyeon/
209,https://www.beryl.nyc/index.php/celeste-laster/
210,https://www.beryl.nyc/index.php/2023/08/24/cantaloupe-milkshake/
211,https://www.beryl.nyc/index.php/2023/07/03/ostfriesentee/
212,https://www.beryl.nyc/index.php/wprm_print/banh-bot-loc
213,https://www.beryl.nyc/index.php/2024/04/18/kare-kare/
214,https://www.beryl.nyc/index.php/category/country/vietnam/
215,https://www.beryl.nyc/index.php/wprm_print/fanta-cake
216,https://www.beryl.nyc/index.php/2024/04/10/8-things-to-order-off-a-polish-menu/
217,https://www.beryl.nyc/index.php/wprm_print/goji-berry-jujube-tea
218,https://www.beryl.nyc/index.php/category/country/india/
219,https://www.beryl.nyc/index.php/wprm_print/ostfriesentee
220,https://www.beryl.nyc/index.php/2024/08/29/patatesli-sigara-boregi/
221,https://www.beryl.nyc/index.php/2023/08/03/hot-dog-with-manong-sauce/
222,https://www.beryl.nyc/index.php/wprm_print/donzelle
223,https://www.beryl.nyc/index.php/2023/06/15/kakadiche-dhirde/
224,https://www.beryl.nyc/index.php/2024/03/14/kochkase/
225,https://www.beryl.nyc/index.php/wprm_print/rourou
226,https://www.beryl.nyc/index.php/2024/09/05/apple-dumplings/
227,https://www.beryl.nyc/index.php/2024/03/14/butter-tarts/
228,https://www.beryl.nyc/index.php/category/country/armenia/
229,https://www.beryl.nyc/index.php/2023/06/29/flos-hot-dogs/
230,https://www.beryl.nyc/index.php/wprm_print/aloo-paratha
231,https://www.beryl.nyc/index.php/category/country/italy/
232,https://www.beryl.nyc/index.php/2023/06/01/balaleet/
233,https://www.beryl.nyc/index.php/wprm_print/torta-ahogada
234,https://www.beryl.nyc/index.php/2024/06/27/arroz-a-la-valenciana/
235,https://www.beryl.nyc/index.php/mystic-multiples/
236,https://www.beryl.nyc/index.php/wprm_print/agashe
237,https://www.beryl.nyc/index.php/2024/01/25/jia-yi-liang-mian/
238,https://www.beryl.nyc/index.php/wprm_print/crni-rizot
239,https://www.beryl.nyc/index.php/wprm_print/buttermilk-fried-chicken-2
240,https://www.beryl.nyc/index.php/wprm_print/mohabbat-ka-sharbat
241,https://www.beryl.nyc/index.php/2024/03/08/spanakorizo/
242,https://www.beryl.nyc/index.php/2023/09/22/burghul-aa-banadoura/
243,https://www.beryl.nyc/index.php/contact-me/
244,https://www.beryl.nyc/index.php/wprm_print/stir-fried-spam-with-potatoes-and-baked-beans
245,https://www.beryl.nyc/index.php/wprm_print/bryannas-grandmas-sweet-tea
246,https://www.beryl.nyc/index.php/2023/05/16/chocolate-tofu-pie/
247,https://www.beryl.nyc/index.php/2024/04/04/peri-peri-braai-wings/
248,https://www.beryl.nyc/index.php/wprm_print/chocolate-tofu-pie
249,https://www.beryl.nyc/index.php/2023/07/06/peanut-butter-and-fluff-toast/
250,https://www.beryl.nyc/index.php/2024/06/06/cornmeal-thyme-cookies/
251,https://www.beryl.nyc/index.php/cyan/
252,https://www.beryl.nyc/index.php/wprm_print/pineapple-saimin
253,https://www.beryl.nyc/index.php/recipe-index/
254,https://www.beryl.nyc/index.php/wprm_print/noon-chai
255,https://www.beryl.nyc/index.php/category/country/ireland/
256,https://www.beryl.nyc/index.php/terms-of-use/
257,https://www.beryl.nyc/index.php/category/country/brazil/
258,https://www.beryl.nyc/index.php/2024/08/29/papa-rellena/
259,https://www.beryl.nyc/index.php/2023/08/31/kue-pancong-durian-keju/
260,https://www.beryl.nyc/index.php/2023/06/29/chicago-style-hot-dog/
261,https://www.beryl.nyc/index.php/wprm_print/spam-banh-mi
262,https://www.beryl.nyc/index.php/wprm_print/caffe-pedrocchi
263,https://www.beryl.nyc/index.php/2023/09/14/masabeeb/
264,https://www.beryl.nyc/index.php/2024/01/25/pimento-cheese-sandwich/
265,https://www.beryl.nyc/index.php/wprm_print/citrus-coffee
266,https://www.beryl.nyc/index.php/2023/05/16/bistec-encebollado/
267,https://www.beryl.nyc/index.php/wprm_print/pap-puff-puff-and-beans
268,https://www.beryl.nyc/index.php/wprm_print/ayam-goreng-kuning
269,https://www.beryl.nyc/index.php/abby-hubbard/
270,https://www.beryl.nyc/index.php/2024/04/18/agashe/
271,https://www.beryl.nyc/index.php/wprm_print/hu-tieu
272,https://www.beryl.nyc/index.php/wprm_print/shrimp-and-grits
273,https://www.beryl.nyc/index.php/wprm_print/borgona
274,https://www.beryl.nyc/index.php/2023/05/23/birchermuesli_1/
275,https://www.beryl.nyc/index.php/2023/05/31/poha/
276,https://www.beryl.nyc/index.php/category/country/india/page/3/
277,https://www.beryl.nyc/index.php/wprm_print/arroz-arabe
278,https://www.beryl.nyc/index.php/guan-the-illustrator/
279,https://www.beryl.nyc/index.php/2023/09/14/cachorro-com-ovo/
280,https://www.beryl.nyc/index.php/wprm_print/omek-houria
281,https://www.beryl.nyc/index.php/wprm_print/garlic-pasta
282,https://www.beryl.nyc/index.php/2024/08/15/gigantes/
283,https://www.beryl.nyc/index.php/halima-washington-dixon/
284,https://www.beryl.nyc/index.php/wprm_print/gerupfter
285,https://www.beryl.nyc/index.php/2023/03/01/ayam-goreng-kuning/
286,https://www.beryl.nyc/index.php/wprm_print/juicy-lucy
287,https://www.beryl.nyc/index.php/2024/05/16/palak-patta-chaat/
288,https://www.beryl.nyc/index.php/2023/07/01/bocadillo-con-queso/
289,https://www.beryl.nyc/index.php/wprm_print/gavurdag-salad
290,https://www.beryl.nyc/index.php/category/country/germany/page/2/
291,https://www.beryl.nyc/index.php/2024/02/15/kadhi/
292,https://www.beryl.nyc/index.php/2024/03/21/london-fog/
293,https://www.beryl.nyc/index.php/wprm_print/4-ingredient-banana-bread
294,https://www.beryl.nyc/index.php/2024/09/05/fanta-cake/
295,https://www.beryl.nyc/index.php/wprm_print/mandazi
296,https://www.beryl.nyc/index.php/2023/05/16/canh-chua-2/
297,https://www.beryl.nyc/index.php/wprm_print/melanzane-mbuttunate
298,https://www.beryl.nyc/index.php/2023/09/14/pani-pol-pancakes/
299,https://www.beryl.nyc/cdn-cgi/l/email-protection
300,https://www.beryl.nyc/index.php/sarah-doan/
301,https://www.beryl.nyc/index.php/2024/05/31/pate-de-frango/
302,https://www.beryl.nyc/index.php/2023/05/09/pastina/
303,https://www.beryl.nyc/index.php/2023/05/30/ackee-and-saltfish-with-johnny-cakes/
304,https://www.beryl.nyc/index.php/wprm_print/fesenjan
305,https://www.beryl.nyc/index.php/wprm_print/mayak-gyeran
306,https://www.beryl.nyc/index.php/colors-of-clara/
307,https://www.beryl.nyc/index.php/prints-by-jam/
308,https://www.beryl.nyc/index.php/tag/europe/
309,https://www.beryl.nyc/index.php/anna-thundercliffe/
310,https://www.beryl.nyc/index.php/category/country/ecuador/
311,https://www.beryl.nyc/index.php/about-2/
312,https://www.beryl.nyc/index.php/wprm_print/chicken-fried-spam
313,https://www.beryl.nyc/index.php/2023/05/29/kartoffelsalat/
314,https://www.beryl.nyc/index.php/2024/06/27/tumpeng/
315,https://www.beryl.nyc/index.php/wprm_print/libbeys-ramen-salad
316,https://www.beryl.nyc/index.php/wprm_print/guandules-con-coco
317,https://www.beryl.nyc/index.php/maxine-mccrann/
318,https://www.beryl.nyc/index.php/wprm_print/achu-soup
319,https://www.beryl.nyc/index.php/ingrid-nilsson/
320,https://www.beryl.nyc/index.php/2023/12/28/milagai-mandi/
321,https://www.beryl.nyc/index.php/ana-maria-lozano/
322,https://www.beryl.nyc/index.php/2023/07/13/amrakhanda/
323,https://www.beryl.nyc/index.php/wprm_print/gombotz
324,https://www.beryl.nyc/index.php/wprm_print/mamidikaya-pappu-mangos
325,https://www.beryl.nyc/index.php/2024/01/25/telur-dadar-mayonis/
326,https://www.beryl.nyc/index.php/2023/05/31/pineapple-saimin/
327,https://www.beryl.nyc/index.php/category/country/kenya/
328,https://www.beryl.nyc/index.php/category/country/fiji/
329,https://www.beryl.nyc/index.php/2023/05/16/zuppa-alla-valpellinentze/
330,https://www.beryl.nyc/index.php/wprm_print/nasi-kicap-telur
331,https://www.beryl.nyc/index.php/wprm_print/albaloo-polo
332,https://www.beryl.nyc/index.php/katerina-voronina/
333,https://www.beryl.nyc/index.php/2023/05/16/garlic-pasta/
334,https://www.beryl.nyc/index.php/wprm_print/gigantes
335,https://www.beryl.nyc/index.php/wprm_print/colcannon
336,https://www.beryl.nyc/index.php/wprm_print/zucchini-pie
337,https://www.beryl.nyc/index.php/2023/08/31/sinh-to-sau-rieng/
338,https://www.beryl.nyc/index.php/2024/02/15/tahchin/
339,https://www.beryl.nyc/index.php/2023/05/16/delicia-de-abacaxi/
340,https://www.beryl.nyc/index.php/wprm_print/bingjiang
341,https://www.beryl.nyc/index.php/2023/09/14/noon-panir-sabzi-gerdoo/
342,https://www.beryl.nyc/index.php/category/country/colombia/
343,https://www.beryl.nyc/index.php/2023/12/20/maultaschen/
344,https://www.beryl.nyc/index.php/2024/01/25/7-things-to-order-off-a-georgian-menu/
345,https://www.beryl.nyc/index.php/2023/08/10/watermelon-gazpacho/
346,https://www.beryl.nyc/index.php/wprm_print/red-beans-rice
347,https://www.beryl.nyc/index.php/category/country/greece/
348,https://www.beryl.nyc/index.php/category/country/bosnia-herzegovina/
349,https://www.beryl.nyc/index.php/2023/05/23/torta-ahogada/
350,https://www.beryl.nyc/index.php/wprm_print/paneer-pakora
351,https://www.beryl.nyc/index.php/wprm_print/arroz-con-calamari
352,https://www.beryl.nyc/index.php/2023/05/30/lemon-bars/
353,https://www.beryl.nyc/index.php/category/country/malta/
354,https://www.beryl.nyc/index.php/2023/09/22/mahshi-tamatim/
355,https://www.beryl.nyc/index.php/2024/04/04/kele-jichi/
356,https://www.beryl.nyc/index.php/2023/06/01/maczka/
357,https://www.beryl.nyc/index.php/tag/dessert/
358,https://www.beryl.nyc/index.php/2024/03/08/homemade-hamburger-helper/
359,https://www.beryl.nyc/index.php/2023/10/12/zucchini-pie/
360,https://www.beryl.nyc/index.php/2023/05/16/dau-hu-nuoc-duong/
361,https://www.beryl.nyc/index.php/wprm_print/homemade-hamburger-helper
362,https://www.beryl.nyc/index.php/2024/03/21/noon-chai/
363,https://www.beryl.nyc/index.php/2023/05/24/gerupfter/
364,https://www.beryl.nyc/index.php/2023/05/16/spam-banh-mi/
365,https://www.beryl.nyc/index.php/2023/09/22/jia-chang-cai/
366,https://www.beryl.nyc/index.php/2023/08/17/jus-alpukat/
367,https://www.beryl.nyc/index.php/wprm_print/pate-de-frango
368,https://www.beryl.nyc/index.php/wprm_print/polpette-di-crosta-di-parmigiano
369,https://www.beryl.nyc/index.php/category/country/cameroon/
370,https://www.beryl.nyc/index.php/2023/08/10/la-chao-xigua-pi/
371,https://www.beryl.nyc/index.php/2024/06/06/zhingyalovhats/
372,https://www.beryl.nyc/index.php/category/country/sri-lanka/
373,https://www.beryl.nyc/index.php/2024/05/31/queso-fundido/
374,https://www.beryl.nyc/index.php/imogen-marsteller/
375,https://www.beryl.nyc/index.php/category/country/germany/
376,https://www.beryl.nyc/index.php/2023/05/31/pain-oeuf-spaghetti/
377,https://www.beryl.nyc/index.php/wprm_print/durian-cream-puffs
378,https://www.beryl.nyc/index.php/wprm_print/choripan-leche-con-platano
379,https://www.beryl.nyc/index.php/2023/08/17/avocado-tikkis/
380,https://www.beryl.nyc/index.php/2024/05/16/spenatovy-privarok/
381,https://www.beryl.nyc/index.php/2023/05/24/chicken-fried-spam/
382,https://www.beryl.nyc/index.php/wprm_print/burger-with-the-lot
383,https://www.beryl.nyc/index.php/2023/11/14/whats-in-your-fridge/
384,https://www.beryl.nyc/index.php/2023/05/16/huevos-divorciados/
385,https://www.beryl.nyc/index.php/category/country/slovakia/
386,https://www.beryl.nyc/index.php/tag/breakfast/
387,https://www.beryl.nyc/index.php/wprm_print/strammer-max
388,https://www.beryl.nyc/index.php/wprm_print/pani-pol-pancakes
389,https://www.beryl.nyc/index.php/2023/06/13/mangoneada/
390,https://www.beryl.nyc/index.php/2024/02/15/yayla-soup/
391,https://www.beryl.nyc/index.php/2024/09/05/baka-bana/
392,https://www.beryl.nyc/index.php/2023/07/13/somali-mango-shake/
393,https://www.beryl.nyc/index.php/wprm_print/banana-grilled-cheese
394,https://www.beryl.nyc/index.php/isa-indra-permana/
395,https://www.beryl.nyc/index.php/2023/05/23/sauce_piquante/
396,https://www.beryl.nyc/index.php/kiki-nordstrom/
397,https://www.beryl.nyc/index.php/natalie-andrewson/
398,https://www.beryl.nyc/index.php/wprm_print/inji-puli
399,https://www.beryl.nyc/index.php/2024/08/29/enrollado-de-atun/
400,https://www.beryl.nyc/index.php/2023/11/09/melanzane-mbuttunate/
401,https://www.beryl.nyc/index.php/wprm_print/kele-jichi
402,https://www.beryl.nyc/index.php/wprm_print/green-chutney-butter-sandwich
403,https://www.beryl.nyc/index.php/category/country/usa/page/3/
404,https://www.beryl.nyc/index.php/wprm_print/burghul-aa-banadoura
405,https://www.beryl.nyc/index.php/2023/07/04/nasi-kicap-telur/
406,https://www.beryl.nyc/index.php/wprm_print/canh-rau-pi-nat
407,https://www.beryl.nyc/index.php/category/country/lebanon/
408,https://www.beryl.nyc/index.php/wprm_print/porotos-con-riendas
409,https://www.beryl.nyc/index.php/2024/09/05/tinolang-tahong/
410,https://www.beryl.nyc/index.php/wprm_print/suser-orangencouscous
411,https://www.beryl.nyc/index.php/wprm_print/apple-dumplings
412,https://www.beryl.nyc/index.php/category/country/poland/
413,https://www.beryl.nyc/index.php/2023/01/28/aloo-paratha/
414,https://www.beryl.nyc/index.php/2024/05/31/omek-houria/
415,https://www.beryl.nyc/index.php/jen-kershaw/
416,https://www.beryl.nyc/index.php/2023/05/30/apple-grilled-cheese/
417,https://www.beryl.nyc/index.php/2023/05/31/salad-dizef-ek-zariko-ver/
418,https://www.beryl.nyc/index.php/wprm_print/pasta-ca-muddica-atturrata
419,https://www.beryl.nyc/index.php/alanna-cartier/
420,https://www.beryl.nyc/index.php/wprm_print/tahchin
421,https://www.beryl.nyc/index.php/category/country/south-korea/
422,https://www.beryl.nyc/index.php/mireuharu
423,https://www.beryl.nyc/index.php/category/country/south-africa/
424,https://www.beryl.nyc/index.php/2023/12/28/espagueti-verde/
425,https://www.beryl.nyc/index.php/wprm_print/kue-pancong-durian-keju
426,https://www.beryl.nyc/index.php/tag/asia/
427,https://www.beryl.nyc
428,https://www.beryl.nyc/index.php/2024/04/18/peanut-butter-pie/
429,https://www.beryl.nyc/index.php/2024/04/30/salatat-blankit/
430,https://www.beryl.nyc/index.php/landis-blair/
431,https://www.beryl.nyc/index.php/2023/03/01/mamidikaya-pappu/
432,https://www.beryl.nyc/index.php/wprm_print/ollebrod
433,https://www.beryl.nyc/index.php/2024/08/15/red-beans-and-rice/
434,https://www.beryl.nyc/index.php/wprm_print/macarrones-con-jamonilla
435,https://www.beryl.nyc/index.php/lenna-winterton/
436,https://www.beryl.nyc/index.php/2023/07/01/strammer-max/
437,https://www.beryl.nyc/index.php/2023/05/24/filipino-spaghetti/
438,https://www.beryl.nyc/index.php/wprm_print/super-savory-sapidly-salty-pasta
439,https://www.beryl.nyc/index.php/wprm_print/kochkase
440,https://www.beryl.nyc/index.php/wprm_print/potato-kugel
441,https://www.beryl.nyc/index.php/wprm_print/mahshi-tamatim
442,https://www.beryl.nyc/index.php/wprm_print/chocolate-mayo-birthday-cake
443,https://www.beryl.nyc/index.php/2024/01/26/menemen/
444,https://www.beryl.nyc/index.php/2023/05/16/pink-beetroot-pasta/
445,https://www.beryl.nyc/index.php/2023/06/14/mango-float/
446,https://www.beryl.nyc/index.php/category/country/estonia/
447,https://www.beryl.nyc/index.php/category/country/usa/page/4/
448,https://www.beryl.nyc/index.php/2024/08/29/colcannon/
449,https://www.beryl.nyc/index.php/wprm_print/cambuulo
450,https://www.beryl.nyc/index.php/wprm_print/baka-bana
451,https://www.beryl.nyc/index.php/2024/04/04/buffalo-wings/
452,https://www.beryl.nyc/index.php/2023/05/16/martabak-tahu/
453,https://www.beryl.nyc/index.php/wprm_print/spanakorizo
454,https://www.beryl.nyc/index.php/wprm_print/jiang-zhi-zhuang-nai
455,https://www.beryl.nyc/index.php/2024/03/14/pizzoccheri/
456,https://www.beryl.nyc/index.php/wprm_print/kakadiche-dhirde
457,https://www.beryl.nyc/index.php/2024/07/18/hetao-hu/
458,https://www.beryl.nyc/index.php/wprm_print/jus-alpukat
459,https://www.beryl.nyc/index.php/wprm_print/kolokithopita
460,https://www.beryl.nyc/index.php/category/country/denmark/
461,https://www.beryl.nyc/index.php/wild-brewed/
462,https://www.beryl.nyc/index.php/wprm_print/fairy-bread
463,https://www.beryl.nyc/index.php/wprm_print/yayla-soup
464,https://www.beryl.nyc/index.php/wprm_print/timun-serut
465,https://www.beryl.nyc/index.php/wprm_print/kasespatzle
466,https://www.beryl.nyc/index.php/wprm_print/tumpeng
467,https://www.beryl.nyc/index.php/wprm_print/pinaattiletut
468,https://www.beryl.nyc/index.php/2024/06/27/fairy-bread/
469,https://www.beryl.nyc/index.php/tanya-timble/
470,https://www.beryl.nyc/index.php/category/country/turkey/
471,https://www.beryl.nyc/index.php/wprm_print/telur-dadar-mayonis
472,https://www.beryl.nyc/index.php/wprm_print/sinh-to-sau-rieng
473,https://www.beryl.nyc/index.php/wprm_print/buffalo-wings
474,https://www.beryl.nyc/index.php/wprm_print/bistec-encebollado
475,https://www.beryl.nyc/index.php/2024/01/25/4-ingredient-banana-bread/
476,https://www.beryl.nyc/index.php/2023/05/16/papa-a-la-huancaina/
477,https://www.beryl.nyc/index.php/wprm_print/apple-grilled-cheese
478,https://www.beryl.nyc/index.php/2024/01/08/arroz-con-caramali/
479,https://www.beryl.nyc/index.php/2023/05/16/gombotz/
480,https://www.beryl.nyc/index.php/wprm_print/cafecito
481,https://www.beryl.nyc/index.php/2024/04/25/flat-white/
482,https://www.beryl.nyc/index.php/2023/06/19/suan-jiangdou/
483,https://www.beryl.nyc/index.php/2023/07/20/baigan-bharta/
484,https://www.beryl.nyc/index.php/wprm_print/weiner-winks
485,https://www.beryl.nyc/index.php/wprm_print/la-chao-xigua-pi
486,https://www.beryl.nyc/index.php/2023/12/20/fish-dumplings/
487,https://www.beryl.nyc/index.php/henry-baker/
488,https://www.beryl.nyc/index.php/2023/11/09/tortang-talong/
489,https://www.beryl.nyc/index.php/category/country/hong-kong/
490,https://www.beryl.nyc/index.php/category/country/cuba/
491,https://www.beryl.nyc/index.php/2023/05/29/paneer-pakoda/
492,https://www.beryl.nyc/index.php/2024/08/15/cambuulo/
493,https://www.beryl.nyc/index.php/2024/02/08/filipino-spaghetti-2/
494,https://www.beryl.nyc/index.php/category/country/china/
495,https://www.beryl.nyc/index.php/wprm_print/baked-mac-cheese
496,https://www.beryl.nyc/index.php/category/country/nicaragua/
497,https://www.beryl.nyc/index.php/iryna-maksymova/
498,https://www.beryl.nyc/index.php/search
499,https://www.beryl.nyc/index.php/2023/07/27/iskrambol/
500,https://www.beryl.nyc/index.php/wprm_print/pimento-cheese-sandwich
501,https://www.beryl.nyc/index.php/wprm_print/palak-patta-chaat
502,https://www.beryl.nyc/index.php/april-white/
503,https://www.beryl.nyc/index.php/2024/02/29/mayak-gyeran/
504,https://www.beryl.nyc/index.php/category/country/iran/
505,https://www.beryl.nyc/index.php/2024/04/25/ca-phe-trung/
506,https://www.beryl.nyc/index.php/wprm_print/dau-hu-nuoc-duong
507,https://www.beryl.nyc/index.php/privacy-policy/
508,https://www.beryl.nyc/index.php/2023/05/16/shrimp-and-grits/
509,https://www.beryl.nyc/index.php/2024/02/08/sausage-pasta/
510,https://www.beryl.nyc/index.php/2023/05/16/boxty/
511,https://www.beryl.nyc/index.php/tag/dinner/
512,https://www.beryl.nyc/index.php/tag/drink/
513,https://www.beryl.nyc/index.php/wprm_print/corviches-de-camaron
514,https://www.beryl.nyc/index.php/wprm_print/sauce-piquante
515,https://www.beryl.nyc/index.php/category/country/finland/
516,https://www.beryl.nyc/index.php/about-2
517,https://www.beryl.nyc/index.php/wprm_print/kadhi
518,https://www.beryl.nyc/index.php/wprm_print/mango-float
519,https://www.beryl.nyc/index.php/wprm_print/mee-hoon-birthday
520,https://www.beryl.nyc/index.php/wprm_print/pastina
521,https://www.beryl.nyc/index.php/tag/north-america/
522,https://www.beryl.nyc/index.php/wprm_print/ube-butter-mochi
523,https://www.beryl.nyc/index.php/2023/05/31/galette-saucisse/
524,https://www.beryl.nyc/index.php/mary-jean-ruhnke/
525,https://www.beryl.nyc/index.php/2023/11/16/macarrao-misturado/
526,https://www.beryl.nyc/index.php/2024/07/05/crni-rizot/
527,https://www.beryl.nyc/index.php/2023/08/24/borgona/
528,https://www.beryl.nyc/index.php/jordan-c-witt/
529,https://www.beryl.nyc/index.php/faq/
530,https://www.beryl.nyc/index.php/2024/06/06/kuku-sabzi/
531,https://www.beryl.nyc/index.php/2024/03/21/goji-berry-jujube-tea/
532,https://www.beryl.nyc/index.php/2023/05/16/buttermilk-fried-chicken/
533,https://www.beryl.nyc/index.php/wprm_print/martabak-tahu
534,https://www.beryl.nyc/index.php/wprm_print/chacarero
535,https://www.beryl.nyc/index.php/wprm_print/enrollado-de-atun
536,https://www.beryl.nyc/index.php/2024/03/21/rooibos-tea/
537,https://www.beryl.nyc/index.php/artists/
538,https://www.beryl.nyc/index.php/category/country/puerto-rico/
539,https://www.beryl.nyc/index.php/2023/07/09/jiang-zhi-zhuang-nai/
540,https://www.beryl.nyc/index.php/2023/12/06/8-things-to-order-off-a-sri-lankan-menu/
541,https://www.beryl.nyc/index.php/2023/07/13/bingjiang/
542,https://www.beryl.nyc/index.php/wprm_print/canh-chua
543,https://www.beryl.nyc/index.php/wprm_print/sonoran-dog
544,https://www.beryl.nyc/index.php/wprm_print/cornmeal-thyme-cookies
545,https://www.beryl.nyc/index.php/category/country/mexico/
546,https://www.beryl.nyc/index.php/wprm_print/manggang-hilaw-at-bagoong-mangos
547,https://www.beryl.nyc/index.php/2023/07/09/inji-puli/
548,https://www.beryl.nyc/index.php/tag/lunch/
549,https://www.beryl.nyc/index.php/2023/05/16/kolokithopita/
550,https://www.beryl.nyc/index.php/wprm_print/kare-kare
551,https://www.beryl.nyc/index.php/wprm_print/kartoffelsalat
552,https://www.beryl.nyc/index.php/category/country/indonesia/
